-- Table: Movies

-- +---------------+---------+
-- | Column Name   | Type    |
-- +---------------+---------+
-- | movie_id      | int     |
-- | title         | varchar |
-- +---------------+---------+
-- movie_id is the primary key for this table.
-- title is the name of the movie.
-- Table: Users

-- +---------------+---------+
-- | Column Name   | Type    |
-- +---------------+---------+
-- | user_id       | int     |
-- | name          | varchar |
-- +---------------+---------+
-- user_id is the primary key for this table.
-- Table: Movie_Rating

-- +---------------+---------+
-- | Column Name   | Type    |
-- +---------------+---------+
-- | movie_id      | int     |
-- | user_id       | int     |
-- | rating        | int     |
-- | created_at    | date    |
-- +---------------+---------+
-- (movie_id, user_id) is the primary key for this table.
-- This table contains the rating of a movie by a user in their review.
-- created_at is the user's review date. 
 

-- Write the following SQL query:

-- Find the name of the user who has rated the greatest number of the movies.
-- In case of a tie, return lexicographically smaller user name.

-- Find the movie name with the highest average rating in February 2020.
-- In case of a tie, return lexicographically smaller movie name.

-- Query is returned in 2 rows, the query result format is in the folowing example:

-- Movies table:
-- +-------------+--------------+
-- | movie_id    |  title       |
-- +-------------+--------------+
-- | 1           | Avengers     |
-- | 2           | Frozen 2     |
-- | 3           | Joker        |
-- +-------------+--------------+

-- Users table:
-- +-------------+--------------+
-- | user_id     |  name        |
-- +-------------+--------------+
-- | 1           | Daniel       |
-- | 2           | Monica       |
-- | 3           | Maria        |
-- | 4           | James        |
-- +-------------+--------------+

-- Movie_Rating table:
-- +-------------+--------------+--------------+-------------+
-- | movie_id    | user_id      | rating       | created_at  |
-- +-------------+--------------+--------------+-------------+
-- | 1           | 1            | 3            | 2020-01-12  |
-- | 1           | 2            | 4            | 2020-02-11  |
-- | 1           | 3            | 2            | 2020-02-12  |
-- | 1           | 4            | 1            | 2020-01-01  |
-- | 2           | 1            | 5            | 2020-02-17  | 
-- | 2           | 2            | 2            | 2020-02-01  | 
-- | 2           | 3            | 2            | 2020-03-01  |
-- | 3           | 1            | 3            | 2020-02-22  | 
-- | 3           | 2            | 4            | 2020-02-25  | 
-- +-------------+--------------+--------------+-------------+

-- Result table:
-- +--------------+
-- | results      |
-- +--------------+
-- | Daniel       |
-- | Frozen 2     |
-- +--------------+

-- Daniel and Maria have rated 3 movies ("Avengers", "Frozen 2" and "Joker") but Daniel is smaller lexicographically.
-- Frozen 2 and Joker have a rating average of 3.5 in February but Frozen 2 is smaller lexicographically.

-- Solution

CREATE TABLE Movies (
    movie_id INT PRIMARY KEY,
    title VARCHAR(255)
);

INSERT INTO Movies (movie_id, title) VALUES 
(1, 'Avengers'),
(2, 'Frozen 2'),
(3, 'Joker');


CREATE TABLE Users (
    user_id INT PRIMARY KEY,
    name VARCHAR(255)
);

INSERT INTO Users (user_id, name) VALUES 
(1, 'Daniel'),
(2, 'Monica'),
(3, 'Maria'),
(4, 'James');


CREATE TABLE Movie_Rating (
    movie_id INT,
    user_id INT,
    rating INT,
    created_at DATE,
    PRIMARY KEY (movie_id, user_id),
    FOREIGN KEY (movie_id) REFERENCES Movies(movie_id),
    FOREIGN KEY (user_id) REFERENCES Users(user_id)
);

INSERT INTO Movie_Rating (movie_id, user_id, rating, created_at) VALUES 
(1, 1, 3, '2020-01-12'),
(1, 2, 4, '2020-02-11'),
(1, 3, 2, '2020-02-12'),
(1, 4, 1, '2020-01-01'),
(2, 1, 5, '2020-02-17'),
(2, 2, 2, '2020-02-01'),
(2, 3, 2, '2020-03-01'),
(3, 1, 3, '2020-02-22'),
(3, 2, 4, '2020-02-25');


(select 
name as results
from 
users 
inner join 
(select
user_id,
count(user_id) as c
from
movie_rating
group by user_id) A on users.user_id = A.user_id
order by c desc, name asc
limit 1)
union
(select
title
from 
movies 
inner join (select 
movie_id,
round(avg(rating), 2) as average_rating
from movie_rating 
where extract('month' from created_at) = 2 and extract('year' from created_at) = 2020
group by movie_id) A
on A.movie_id = movies.movie_id
order by average_rating desc, title asc
 limit 1
)